{
  "test::model-x": {
    "successes": [
      true,
      true,
      true,
      true,
      true,
      true,
      true,
      true
    ],
    "latencies": [
      0.9695794137373557,
      0.9695794137373557,
      0.9995664059147997,
      1.0304808308399998,
      1.0623513719999997,
      1.0952075999999997,
      1.1290799999999999,
      1.164
    ],
    "quality_scores": [
      0.8626227007377709,
      0.8626227007377709,
      0.873837835812135,
      0.8853998307341598,
      0.8973194131279999,
      0.9096076423999999,
      0.9222759199999999,
      0.935336
    ]
  },
  "code::model-z": {
    "successes": [
      true,
      true,
      true,
      true,
      true,
      true,
      true,
      true,
      true,
      true,
      true,
      true,
      true,
      true,
      true,
      true,
      true,
      true,
      true,
      true
    ],
    "latencies": [
      0.5437943429267471,
      0.5606127246667496,
      0.5779512625430409,
      0.595826043858805,
      0.6142536534626856,
      0.6332511891367892,
      0.6528362774606075,
      0.6730270901655747,
      0.6938423609954378,
      0.7153014030880802,
      0.7374241268949281,
      0.7602310586545651,
      0.783743359437696,
      0.8079828447811299,
      0.8329720049289999,
      0.8587340256999999,
      0.8852928099999999,
      0.912673,
      0.9409,
      0.97
    ],
    "quality_scores": [
      0.7175177371706989,
      0.7242450898666999,
      0.7311805050172164,
      0.7383304175435221,
      0.7457014613850743,
      0.7533004756547158,
      0.7611345109842431,
      0.76921083606623,
      0.7775369443981752,
      0.7861205612352322,
      0.7949696507579713,
      0.8040924234618261,
      0.8134973437750784,
      0.823193137912452,
      0.8331888019716,
      0.8434936102799999,
      0.854117124,
      0.8650692,
      0.87636,
      0.888
    ]
  },
  "code::model-y": {
    "successes": [
      true,
      true,
      true,
      true,
      true,
      true,
      true,
      true,
      true,
      true
    ],
    "latencies": [
      1.5204621173091302,
      1.5204621173091302,
      1.567486718875392,
      1.6159656895622598,
      1.6659440098579998,
      1.7174680513999998,
      1.7705856199999999,
      1.825346,
      1.8818,
      1.94
    ],
    "quality_scores": [
      0.8040924234618261,
      0.8040924234618261,
      0.8134973437750784,
      0.823193137912452,
      0.8331888019716,
      0.8434936102799999,
      0.854117124,
      0.8650692,
      0.87636,
      0.888
    ]
  }
}